{
  "w_A": -0.6309423446655273,
  "w_B": -0.609709620475769,
  "w_C": -0.6712649464607239,
  "w_D": -0.6790541410446167,
  "bias": -0.1779736429452896,
  "threshold": 0.2889026403427124
}