{
  "w_A": -1.0453435182571411,
  "w_B": -0.8966885805130005,
  "w_C": -1.1985622644424438,
  "w_D": -0.21146860718727112,
  "bias": -0.2407507449388504,
  "threshold": 0.2036294937133789
}