{
  "w_A": -0.45867225527763367,
  "w_B": -0.6244500875473022,
  "w_C": -0.39159005880355835,
  "w_D": -0.1353364735841751,
  "bias": -0.2749329209327698,
  "threshold": 0.304024875164032
}