{
  "w_A": -0.3104913532733917,
  "w_B": -0.8737200498580933,
  "w_C": -0.4656081795692444,
  "w_D": -0.5895247459411621,
  "bias": -0.7296203970909119,
  "threshold": 0.1769598126411438
}